,repo_name,update_time
0,LinuxC-network,2014-10-25T15:10:12Z
1,golang2048_game,2014-10-15T16:06:02Z
2,Golang_Programming,2014-10-13T09:32:13Z
3,JQuery-code,2014-10-13T03:15:44Z
4,docker-registry,2014-10-10T20:00:22Z
5,CPlusPlusLab,2014-09-16T02:06:03Z
6,CLangugaeLab,2014-09-16T02:04:25Z
7,ABSLab,2014-09-16T01:55:41Z
8,system,2014-09-04T01:12:23Z
9,dockworker,2014-07-22T20:05:26Z
10,boot2docker,2014-07-08T02:46:36Z
11,gitproject,2014-07-04T05:20:09Z
12,email_spider,2012-05-13T16:24:40Z
13,shiyanlou_cs573,2017-06-07T00:33:26Z
14,php-server,2017-06-07T00:33:20Z
15,node-red,2017-06-07T00:33:07Z
16,scrapy-weather,2017-06-07T00:32:58Z
17,shiyanlou_cs31,2017-06-07T00:30:09Z
18,contact,2017-06-07T00:27:11Z
19,shiyanlou_cs382,2017-06-07T00:06:53Z
20,flask,2017-06-07T00:06:11Z
21,termbox-go,2017-06-07T00:05:53Z
22,shiyanlou_cs549,2017-06-07T00:02:26Z
23,node-red-ifttt,2017-06-07T00:02:14Z
24,sms,2017-06-07T00:02:06Z
25,js-minesweeper,2017-06-07T00:01:57Z
26,mininet,2017-06-06T22:21:24Z
27,saepythondevguide,2017-06-06T22:21:16Z
28,tcp_ip_5,2017-06-06T22:21:10Z
29,ryu,2017-06-06T22:19:57Z
30,hadoop-book,2017-06-06T09:36:15Z
31,sinatra-blog-api,2017-06-06T09:36:08Z
32,tcp_ip_6,2017-06-06T09:36:01Z
33,shiyanlou_cs103,2017-06-06T08:42:36Z
34,shiyanlou_cs419,2017-06-06T08:41:46Z
35,shiyanlou_cs427,2017-06-06T08:40:37Z
36,cs355_demo,2017-06-06T08:36:04Z
37,SQL6,2017-06-06T08:30:27Z
38,SQL5,2017-06-06T08:29:38Z
39,SQL4,2017-06-06T08:28:15Z
40,cs_354demo,2017-06-06T07:43:22Z
41,guide,2017-06-06T05:15:22Z
42,trylab,2017-06-06T02:52:02Z
43,jqueryslider,2014-12-10T07:24:11Z
44,ruby-port-scan,2014-12-09T10:11:11Z
45,pythonchat,2014-12-09T08:18:01Z
46,gtk-vlc-video-player,2014-12-07T14:11:35Z
47,SequoiaDBCourse,2020-03-09T08:38:41Z
48,Calculator,2014-12-05T03:30:29Z
49,louplus-k8s,2020-03-09T05:28:15Z
50,flip,2014-12-03T16:17:53Z
51,jquery-pciture-zoom,2014-12-03T10:19:42Z
52,python-100,2020-03-05T09:47:48Z
53,sparksql,2020-03-04T23:47:47Z
54,Allwork,2020-02-12T00:49:11Z
55,jquerypuzzle,2014-12-02T06:51:06Z
56,shiyanlou-docs,2020-02-10T09:43:17Z
57,rust-by-example-cn,2020-01-10T05:40:44Z
58,jspuzzle,2014-12-02T06:41:21Z
59,python_markup,2014-12-01T02:10:59Z
60,hadoopwordcount,2014-11-26T09:37:10Z
61,louplus-ml,2020-01-09T04:20:56Z
62,CPP-PrimerPlus,2019-12-30T05:57:33Z
63,falls,2014-11-24T11:16:12Z
64,golang-ftp-client,2014-11-24T09:01:27Z
65,louplus-dm,2019-12-27T09:00:50Z
66,mapreduce-pro,2014-11-24T07:00:17Z
67,datastructure_code,2014-11-21T10:09:02Z
68,flask-micblog,2014-11-20T05:03:52Z
69,library,2019-12-26T09:08:56Z
70,2048_code,2014-11-19T02:10:23Z
71,louplus-dl,2019-11-21T06:19:47Z
72,PythonCalculator,2014-11-18T09:00:04Z
73,louplus-python,2019-10-21T15:46:24Z
74,Linux-c-code,2014-11-17T05:09:19Z
75,camp,2014-11-14T05:54:48Z
76,Flask-SSE-Chat,2019-10-12T06:09:05Z
77,golang-markdown-previewer,2014-11-13T02:10:31Z
78,Photo,2014-11-07T10:42:22Z
79,css3_leaning,2014-11-07T10:34:12Z
80,jQuery-base-code,2014-11-06T05:02:42Z
81,python_async_network,2019-07-04T09:58:27Z
82,shell_typing_game,2014-11-06T04:53:48Z
83,course,2014-11-06T03:53:00Z
84,sanic-like,2019-07-02T06:14:59Z
85,PythonShootGame,2014-11-05T09:42:25Z
86,PyRedis,2019-07-02T06:10:27Z
87,python_async,2019-05-29T02:21:22Z
88,whack-a-mole,2014-11-04T02:56:20Z
89,mlcourse.ai,2019-05-21T06:28:10Z
90,mlcourse-answers,2019-05-10T08:16:41Z
91,pyoudao,2014-11-03T00:59:11Z
92,Linux-c-snake,2014-10-31T06:59:30Z
93,louplus-linux,2019-02-11T06:42:57Z
94,dog,2019-01-24T04:18:37Z
95,louplus-bigdata,2018-09-05T05:17:48Z
96,lou_challenge_ele,2018-08-14T08:22:03Z
97,php-crawler,2018-07-11T10:07:13Z
98,louplus-php7,2018-07-11T09:33:22Z
99,trojan,2017-06-20T11:10:55Z
100,jekyll-bootstrap,2017-06-07T00:33:44Z
101,shiyanlou_cs409,2017-06-07T00:33:37Z
102,cssfinaltest,2017-06-07T00:33:32Z
103,Repobot,2017-03-14T07:11:36Z
104,seedlab,2015-04-07T11:06:36Z
105,finaltest,2015-02-13T09:50:45Z
106,HTML1,2015-02-10T05:08:47Z
107,MD5,2015-02-05T02:20:15Z
108,Whac-A-Mole,2015-02-03T03:28:14Z
109,play,2015-01-31T12:20:02Z
110,seven,2015-01-31T07:13:51Z
111,ngx_http_echo_module,2015-01-30T05:14:12Z
112,laravel-blog-7-final,2015-01-29T08:45:54Z
113,EarthDemo,2015-01-28T20:33:56Z
114,Calculator-1,2015-01-28T08:27:52Z
115,laravel-blog-6,2015-01-28T01:30:01Z
116,laravel-blog-5,2015-01-27T03:18:12Z
117,impress,2015-01-26T08:17:53Z
118,laravel-blog-4,2015-01-26T03:30:25Z
119,c,2015-01-25T03:31:07Z
120,SQL3,2015-01-23T06:18:21Z
121,laravel-blog-3,2015-01-23T03:24:08Z
122,laravel-blog-2,2015-01-22T03:47:56Z
123,laravel-blog-1,2015-01-20T10:11:35Z
124,java_websocket_chat,2014-12-29T10:35:42Z
125,proxy,2014-12-24T10:04:32Z
126,jquery-learning,2014-12-23T03:49:15Z
127,socketio,2014-12-19T10:02:31Z
128,css3,2014-12-18T01:42:57Z
129,scapy_arp,2014-12-17T06:57:18Z
130,countdown,2014-12-16T13:41:23Z
131,gevent-socketio,2014-12-16T02:41:02Z
132,lottery,2014-12-15T06:48:57Z
